{
  "images" : [
    {
      "resizing" : {
        "mode" : "9-part",
        "center" : {
          "mode" : "tile",
          "width" : 1,
          "height" : 1
        },
        "cap-insets" : {
          "bottom" : 11,
          "top" : 10,
          "right" : 12,
          "left" : 10
        }
      },
      "idiom" : "universal",
      "filename" : "main_System_ButtonBg.png",
      "scale" : "1x"
    },
    {
      "resizing" : {
        "mode" : "9-part",
        "center" : {
          "mode" : "tile",
          "width" : 1,
          "height" : 1
        },
        "cap-insets" : {
          "bottom" : 23,
          "top" : 23,
          "right" : 23,
          "left" : 23
        }
      },
      "idiom" : "universal",
      "filename" : "main_System_ButtonBg@2x.png",
      "scale" : "2x"
    },
    {
      "resizing" : {
        "mode" : "9-part",
        "center" : {
          "mode" : "tile",
          "width" : 1,
          "height" : 1
        },
        "cap-insets" : {
          "bottom" : 35,
          "top" : 35,
          "right" : 35,
          "left" : 35
        }
      },
      "idiom" : "universal",
      "filename" : "main_System_ButtonBg@3x.png",
      "scale" : "3x"
    }
  ],
  "info" : {
    "version" : 1,
    "author" : "xcode"
  }
}